<?xml version="1.0" encoding="UTF-8" standalone="yes"?>
<w:document xmlns:wpc="http://schemas.microsoft.com/office/word/2010/wordprocessingCanvas" xmlns:cx="http://schemas.microsoft.com/office/drawing/2014/chartex" xmlns:cx1="http://schemas.microsoft.com/office/drawing/2015/9/8/chartex" xmlns:cx2="http://schemas.microsoft.com/office/drawing/2015/10/21/chartex" xmlns:cx3="http://schemas.microsoft.com/office/drawing/2016/5/9/chartex" xmlns:cx4="http://schemas.microsoft.com/office/drawing/2016/5/10/chartex" xmlns:cx5="http://schemas.microsoft.com/office/drawing/2016/5/11/chartex" xmlns:cx6="http://schemas.microsoft.com/office/drawing/2016/5/12/chartex" xmlns:cx7="http://schemas.microsoft.com/office/drawing/2016/5/13/chartex" xmlns:cx8="http://schemas.microsoft.com/office/drawing/2016/5/14/chartex" xmlns:mc="http://schemas.openxmlformats.org/markup-compatibility/2006" xmlns:aink="http://schemas.microsoft.com/office/drawing/2016/ink" xmlns:am3d="http://schemas.microsoft.com/office/drawing/2017/model3d" xmlns:o="urn:schemas-microsoft-com:office:office" xmlns:r="http://schemas.openxmlformats.org/officeDocument/2006/relationships" xmlns:m="http://schemas.openxmlformats.org/officeDocument/2006/math" xmlns:v="urn:schemas-microsoft-com:vml" xmlns:wp14="http://schemas.microsoft.com/office/word/2010/wordprocessingDrawing" xmlns:wp="http://schemas.openxmlformats.org/drawingml/2006/wordprocessingDrawing" xmlns:w10="urn:schemas-microsoft-com:office:word" xmlns:w="http://schemas.openxmlformats.org/wordprocessingml/2006/main" xmlns:w14="http://schemas.microsoft.com/office/word/2010/wordml" xmlns:w15="http://schemas.microsoft.com/office/word/2012/wordml" xmlns:w16cid="http://schemas.microsoft.com/office/word/2016/wordml/cid" xmlns:w16se="http://schemas.microsoft.com/office/word/2015/wordml/symex" xmlns:wpg="http://schemas.microsoft.com/office/word/2010/wordprocessingGroup" xmlns:wpi="http://schemas.microsoft.com/office/word/2010/wordprocessingInk" xmlns:wne="http://schemas.microsoft.com/office/word/2006/wordml" xmlns:wps="http://schemas.microsoft.com/office/word/2010/wordprocessingShape" mc:Ignorable="w14 w15 w16se w16cid wp14"><w:body><w:p w14:paraId="0B2E8862" w14:textId="539B52FD" w:rsidR="0054546F" w:rsidRPr="0054546F" w:rsidRDefault="0054546F" w:rsidP="0054546F"><w:pPr><w:pStyle w:val="HTML"/><w:jc w:val="both"/><w:rPr><w:rFonts w:ascii="Bahnschrift SemiBold" w:hAnsi="Bahnschrift SemiBold"/><w:noProof/><w:color w:val="000000"/><w:sz w:val="24"/><w:szCs w:val="24"/><w:lang w:val="en-US"/></w:rPr></w:pPr><w:r w:rsidRPr="0006752E"><w:rPr><w:noProof/><w:sz w:val="22"/><w:szCs w:val="22"/></w:rPr><w:drawing><wp:anchor distT="0" distB="0" distL="114300" distR="114300" simplePos="0" relativeHeight="251659264" behindDoc="1" locked="0" layoutInCell="1" allowOverlap="1" wp14:anchorId="2AC6D749" wp14:editId="5CC3014C"><wp:simplePos x="0" y="0"/><wp:positionH relativeFrom="column"><wp:posOffset>24954</wp:posOffset></wp:positionH><wp:positionV relativeFrom="paragraph"><wp:posOffset>11923</wp:posOffset></wp:positionV><wp:extent cx="1902460" cy="1902460"/><wp:effectExtent l="0" t="0" r="2540" b="2540"/><wp:wrapTight wrapText="bothSides"><wp:wrapPolygon edited="0"><wp:start x="0" y="0"/><wp:lineTo x="0" y="21413"/><wp:lineTo x="21413" y="21413"/><wp:lineTo x="21413" y="0"/><wp:lineTo x="0" y="0"/></wp:wrapPolygon></wp:wrapTight><wp:docPr id="4" name="Рисунок 4"/><wp:cNvGraphicFramePr><a:graphicFrameLocks xmlns:a="http://schemas.openxmlformats.org/drawingml/2006/main" noChangeAspect="1"/></wp:cNvGraphicFramePr><a:graphic xmlns:a="http://schemas.openxmlformats.org/drawingml/2006/main"><a:graphicData uri="http://schemas.openxmlformats.org/drawingml/2006/picture"><pic:pic xmlns:pic="http://schemas.openxmlformats.org/drawingml/2006/picture"><pic:nvPicPr><pic:cNvPr id="0" name="Picture 11" descr="Book Cover"/><pic:cNvPicPr><a:picLocks noChangeAspect="1" noChangeArrowheads="1"/></pic:cNvPicPr></pic:nvPicPr><pic:blipFill><a:blip r:embed="rId4"/><a:stretch><a:fillRect/></a:stretch></pic:blipFill><pic:spPr bwMode="auto"><a:xfrm><a:off x="0" y="0"/><a:ext cx="1902460" cy="1902460"/></a:xfrm><a:prstGeom prst="rect"><a:avLst/></a:prstGeom><a:noFill/><a:ln><a:noFill/></a:ln></pic:spPr></pic:pic></a:graphicData></a:graphic><wp14:sizeRelH relativeFrom="page"><wp14:pctWidth>0</wp14:pctWidth></wp14:sizeRelH><wp14:sizeRelV relativeFrom="page"><wp14:pctHeight>0</wp14:pctHeight></wp14:sizeRelV></wp:anchor></w:drawing></w:r><w:r w:rsidRPr="0054546F"><w:rPr><w:rFonts w:ascii="Bahnschrift SemiBold" w:hAnsi="Bahnschrift SemiBold"/><w:noProof/><w:color w:val="000000"/><w:sz w:val="24"/><w:szCs w:val="24"/><w:lang w:val="en-US"/></w:rPr><w:t>"When I say run, run."</w:t></w:r></w:p><w:p w14:paraId="1332BFEB" w14:textId="77777777" w:rsidR="0054546F" w:rsidRPr="0054546F" w:rsidRDefault="0054546F" w:rsidP="0054546F"><w:pPr><w:pStyle w:val="HTML"/><w:jc w:val="both"/><w:rPr><w:rFonts w:ascii="Bahnschrift SemiBold" w:hAnsi="Bahnschrift SemiBold"/><w:noProof/><w:color w:val="000000"/><w:sz w:val="24"/><w:szCs w:val="24"/><w:lang w:val="en-US"/></w:rPr></w:pPr></w:p><w:p w14:paraId="1CF94336" w14:textId="12A80A2E" w:rsidR="0054546F" w:rsidRPr="0054546F" w:rsidRDefault="0054546F" w:rsidP="0054546F"><w:pPr><w:pStyle w:val="HTML"/><w:jc w:val="both"/><w:rPr><w:rFonts w:ascii="Bahnschrift SemiBold" w:hAnsi="Bahnschrift SemiBold"/><w:noProof/><w:color w:val="000000"/><w:sz w:val="24"/><w:szCs w:val="24"/><w:lang w:val="en-US"/></w:rPr></w:pPr><w:r w:rsidRPr="0054546F"><w:rPr><w:rFonts w:ascii="Bahnschrift SemiBold" w:hAnsi="Bahnschrift SemiBold"/><w:noProof/><w:color w:val="000000"/><w:sz w:val="24"/><w:szCs w:val="24"/><w:lang w:val="en-US"/></w:rPr><w:t>Irene looked up at the tall, stately figure of her supposed executioner. His voice was warm, refined, and English through and through. His eyes were all that were visible of his face, but they and the familiarity of his voice said enough.</w:t></w:r></w:p><w:p w14:paraId="219421DF" w14:textId="77777777" w:rsidR="0054546F" w:rsidRPr="0054546F" w:rsidRDefault="0054546F" w:rsidP="0054546F"><w:pPr><w:pStyle w:val="HTML"/><w:jc w:val="both"/><w:rPr><w:rFonts w:ascii="Bahnschrift SemiBold" w:hAnsi="Bahnschrift SemiBold"/><w:noProof/><w:color w:val="000000"/><w:sz w:val="24"/><w:szCs w:val="24"/><w:lang w:val="en-US"/></w:rPr></w:pPr></w:p><w:p w14:paraId="4AE424C7" w14:textId="77777777" w:rsidR="0054546F" w:rsidRPr="0054546F" w:rsidRDefault="0054546F" w:rsidP="0054546F"><w:pPr><w:pStyle w:val="HTML"/><w:jc w:val="both"/><w:rPr><w:rFonts w:ascii="Bahnschrift SemiBold" w:hAnsi="Bahnschrift SemiBold"/><w:noProof/><w:color w:val="000000"/><w:sz w:val="24"/><w:szCs w:val="24"/><w:lang w:val="en-US"/></w:rPr></w:pPr><w:r w:rsidRPr="0054546F"><w:rPr><w:rFonts w:ascii="Bahnschrift SemiBold" w:hAnsi="Bahnschrift SemiBold"/><w:noProof/><w:color w:val="000000"/><w:sz w:val="24"/><w:szCs w:val="24"/><w:lang w:val="en-US"/></w:rPr><w:t>It was him.</w:t></w:r></w:p><w:p w14:paraId="2D63CC0C" w14:textId="77777777" w:rsidR="0054546F" w:rsidRPr="0054546F" w:rsidRDefault="0054546F" w:rsidP="0054546F"><w:pPr><w:pStyle w:val="HTML"/><w:jc w:val="both"/><w:rPr><w:rFonts w:ascii="Bahnschrift SemiBold" w:hAnsi="Bahnschrift SemiBold"/><w:noProof/><w:color w:val="000000"/><w:sz w:val="24"/><w:szCs w:val="24"/><w:lang w:val="en-US"/></w:rPr></w:pPr></w:p><w:p w14:paraId="6897B575" w14:textId="77777777" w:rsidR="0054546F" w:rsidRPr="0054546F" w:rsidRDefault="0054546F" w:rsidP="0054546F"><w:pPr><w:pStyle w:val="HTML"/><w:jc w:val="both"/><w:rPr><w:rFonts w:ascii="Bahnschrift SemiBold" w:hAnsi="Bahnschrift SemiBold"/><w:noProof/><w:color w:val="000000"/><w:sz w:val="24"/><w:szCs w:val="24"/><w:lang w:val="en-US"/></w:rPr></w:pPr><w:r w:rsidRPr="0054546F"><w:rPr><w:rFonts w:ascii="Bahnschrift SemiBold" w:hAnsi="Bahnschrift SemiBold"/><w:noProof/><w:color w:val="000000"/><w:sz w:val="24"/><w:szCs w:val="24"/><w:lang w:val="en-US"/></w:rPr><w:t>The relief was more than she could bear. One tear tracked a path down her thin face. He had come, and she was saved. She had not the slightest hope or the faintest idea of it, and yet here he was. She was free. Sentiment had gotten the better of them both before, but she was grateful for it this time.</w:t></w:r></w:p><w:p w14:paraId="1F194630" w14:textId="77777777" w:rsidR="0054546F" w:rsidRPr="0054546F" w:rsidRDefault="0054546F" w:rsidP="0054546F"><w:pPr><w:pStyle w:val="HTML"/><w:jc w:val="both"/><w:rPr><w:rFonts w:ascii="Bahnschrift SemiBold" w:hAnsi="Bahnschrift SemiBold"/><w:noProof/><w:color w:val="000000"/><w:sz w:val="24"/><w:szCs w:val="24"/><w:lang w:val="en-US"/></w:rPr></w:pPr></w:p><w:p w14:paraId="27A65C82" w14:textId="0381DB15" w:rsidR="0054546F" w:rsidRPr="0054546F" w:rsidRDefault="0054546F" w:rsidP="0054546F"><w:pPr><w:pStyle w:val="HTML"/><w:jc w:val="both"/><w:rPr><w:rFonts w:ascii="Bahnschrift SemiBold" w:hAnsi="Bahnschrift SemiBold"/><w:noProof/><w:color w:val="000000"/><w:sz w:val="24"/><w:szCs w:val="24"/><w:lang w:val="en-US"/></w:rPr></w:pPr><w:r w:rsidRPr="0054546F"><w:rPr><w:rFonts w:ascii="Bahnschrift SemiBold" w:hAnsi="Bahnschrift SemiBold"/><w:noProof/><w:color w:val="000000"/><w:sz w:val="24"/><w:szCs w:val="24"/><w:lang w:val="en-US"/></w:rPr><w:t>The men at their firing positions in the large, sandy tanks jerked backwards, sniped simultaneously from behind. The other jihadists panicked, some drawing their swords, and others, their machine guns. Sherlock, his sword already raised must have given the others the impression that he was about to sever her head from her shoulders. Instead, he severed the head of the man standing behind him. It fell beside her on the floor, and she raised an eyebrow, eyeing it with an impressed expression.</w:t></w:r></w:p><w:p w14:paraId="34379C21" w14:textId="65D36627" w:rsidR="0054546F" w:rsidRPr="0054546F" w:rsidRDefault="0054546F" w:rsidP="0054546F"><w:pPr><w:pStyle w:val="HTML"/><w:jc w:val="both"/><w:rPr><w:rFonts w:ascii="Bahnschrift SemiBold" w:hAnsi="Bahnschrift SemiBold"/><w:noProof/><w:color w:val="000000"/><w:sz w:val="24"/><w:szCs w:val="24"/><w:lang w:val="en-US"/></w:rPr></w:pPr></w:p><w:p w14:paraId="546D5A9B" w14:textId="26089943" w:rsidR="0054546F" w:rsidRPr="0054546F" w:rsidRDefault="0054546F" w:rsidP="0054546F"><w:pPr><w:pStyle w:val="HTML"/><w:jc w:val="both"/><w:rPr><w:rFonts w:ascii="Bahnschrift SemiBold" w:hAnsi="Bahnschrift SemiBold"/><w:noProof/><w:color w:val="000000"/><w:sz w:val="24"/><w:szCs w:val="24"/><w:lang w:val="en-US"/></w:rPr></w:pPr><w:r w:rsidRPr="0054546F"><w:rPr><w:rFonts w:ascii="Bahnschrift SemiBold" w:hAnsi="Bahnschrift SemiBold"/><w:noProof/><w:color w:val="000000"/><w:sz w:val="24"/><w:szCs w:val="24"/><w:lang w:val="en-US"/></w:rPr><w:t>Except now his cover was blown.</w:t></w:r></w:p><w:p w14:paraId="0239C421" w14:textId="37675968" w:rsidR="0054546F" w:rsidRPr="0054546F" w:rsidRDefault="0054546F" w:rsidP="0054546F"><w:pPr><w:pStyle w:val="HTML"/><w:jc w:val="both"/><w:rPr><w:rFonts w:ascii="Bahnschrift SemiBold" w:hAnsi="Bahnschrift SemiBold"/><w:noProof/><w:color w:val="000000"/><w:sz w:val="24"/><w:szCs w:val="24"/><w:lang w:val="en-US"/></w:rPr></w:pPr></w:p><w:p w14:paraId="2BAF9ECC" w14:textId="180B1858" w:rsidR="008F488A" w:rsidRPr="0054546F" w:rsidRDefault="00D77475" w:rsidP="0054546F"><w:pPr><w:pStyle w:val="HTML"/><w:jc w:val="both"/><w:rPr><w:rFonts w:ascii="Bahnschrift SemiBold" w:hAnsi="Bahnschrift SemiBold"/><w:color w:val="000000"/><w:sz w:val="24"/><w:szCs w:val="24"/></w:rPr></w:pPr><w:r><w:rPr><w:rFonts w:ascii="Bahnschrift SemiBold" w:hAnsi="Bahnschrift SemiBold"/><w:noProof/><w:color w:val="000000"/><w:sz w:val="24"/><w:szCs w:val="24"/><w:lang w:val="en-US"/></w:rPr><w:drawing><wp:anchor distT="0" distB="0" distL="114300" distR="114300" simplePos="0" relativeHeight="251660288" behindDoc="0" locked="0" layoutInCell="1" allowOverlap="1" wp14:anchorId="29FB4E03" wp14:editId="7834347D"><wp:simplePos x="0" y="0"/><wp:positionH relativeFrom="column"><wp:posOffset>1642758</wp:posOffset></wp:positionH><wp:positionV relativeFrom="paragraph"><wp:posOffset>141606</wp:posOffset></wp:positionV><wp:extent cx="0" cy="0"/><wp:effectExtent l="19050" t="19050" r="19050" b="19050"/><wp:wrapNone/><wp:docPr id="1" name="Рисунок 1"/><wp:cNvGraphicFramePr><a:graphicFrameLocks xmlns:a="http://schemas.openxmlformats.org/drawingml/2006/main" noChangeAspect="1"/></wp:cNvGraphicFramePr><a:graphic xmlns:a="http://schemas.openxmlformats.org/drawingml/2006/main"><a:graphicData uri="http://schemas.openxmlformats.org/drawingml/2006/picture"><pic:pic xmlns:pic="http://schemas.openxmlformats.org/drawingml/2006/picture"><pic:nvPicPr><pic:cNvPr id="0" name="Picture 1"/><pic:cNvPicPr><a:picLocks noChangeAspect="1" noChangeArrowheads="1"/></pic:cNvPicPr></pic:nvPicPr><pic:blipFill><a:blip r:embed="rId5"/><a:stretch><a:fillRect/></a:stretch></pic:blipFill><pic:spPr bwMode="auto"><a:xfrm><a:off x="0" y="0"/><a:ext cx="0" cy="0"/></a:xfrm><a:prstGeom prst="rect"><a:avLst/></a:prstGeom><a:noFill/><a:ln w="9525"><a:solidFill><a:schemeClr val="tx1"/></a:solidFill></a:ln></pic:spPr></pic:pic></a:graphicData></a:graphic><wp14:sizeRelH relativeFrom="page"><wp14:pctWidth>0</wp14:pctWidth></wp14:sizeRelH><wp14:sizeRelV relativeFrom="page"><wp14:pctHeight>0</wp14:pctHeight></wp14:sizeRelV></wp:anchor></w:drawing></w:r><w:r w:rsidR="0054546F" w:rsidRPr="0054546F"><w:rPr><w:rFonts w:ascii="Bahnschrift SemiBold" w:hAnsi="Bahnschrift SemiBold"/><w:noProof/><w:color w:val="000000"/><w:sz w:val="24"/><w:szCs w:val="24"/><w:lang w:val="en-US"/></w:rPr><w:t>"Run!" Sherlock shouted..</w:t></w:r><w:r w:rsidR="00BC7400" w:rsidRPr="00BC7400"><w:rPr><w:rFonts w:ascii="Bahnschrift SemiBold" w:hAnsi="Bahnschrift SemiBold"/><w:noProof/><w:color w:val="000000"/><w:sz w:val="24"/><w:szCs w:val="24"/><w:lang w:val="en-US"/></w:rPr><w:t xml:space="preserve"> </w:t></w:r><w:bookmarkStart w:id="0" w:name="_GoBack"/><w:bookmarkEnd w:id="0"/></w:p><w:p w14:paraId="4A5D72DB" w14:textId="1075F37F" w:rsidR="00C400A2" w:rsidRPr="0006752E" w:rsidRDefault="00C400A2" w:rsidP="0006752E"><w:pPr><w:pStyle w:val="HTML"/><w:jc w:val="both"/><w:rPr><w:rFonts w:ascii="Bahnschrift SemiBold" w:hAnsi="Bahnschrift SemiBold"/><w:color w:val="000000"/><w:sz w:val="24"/><w:szCs w:val="24"/><w:lang w:val="en-US"/></w:rPr></w:pPr></w:p><w:sectPr w:rsidR="00C400A2" w:rsidRPr="0006752E"><w:pgSz w:w="11906" w:h="16838"/><w:pgMar w:top="1134" w:right="850" w:bottom="1134" w:left="1701" w:header="708" w:footer="708" w:gutter="0"/><w:cols w:space="708"/><w:docGrid w:linePitch="360"/></w:sectPr></w:body></w:document>